sido,sigungu,region_full,승용,승합,특수,화물,총계
강원,강릉시,강원 강릉시,5724567,194240,48827,1179352,7146986
강원,고성군,강원 고성군,706403,32522,5290,247362,991577
강원,동해시,강원 동해시,2403274,88724,22816,451126,2965940
강원,삼척시,강원 삼척시,1595223,63214,11101,424747,2094285
강원,속초시,강원 속초시,2082881,79451,14236,348701,2525269
강원,양구군,강원 양구군,534222,23522,4382,209009,771135
강원,양양군,강원 양양군,752014,28594,6540,258062,1045210
강원,영월군,강원 영월군,912855,47260,10243,386867,1357225
강원,원주시,강원 원주시,9672295,302304,60688,1740389,11775676
강원,인제군,강원 인제군,871709,35337,7247,309687,1223980
강원,정선군,강원 정선군,884229,44283,9050,388619,1326181
강원,철원군,강원 철원군,1032717,48256,6830,435182,1522985
강원,춘천시,강원 춘천시,7360737,242727,55079,1294330,8952873
강원,태백시,강원 태백시,988943,48569,9856,215150,1262518
강원,평창군,강원 평창군,1068459,55865,9110,531093,1664527
강원,홍천군,강원 홍천군,1688771,96835,14150,736835,2536591
강원,화천군,강원 화천군,593565,24438,5316,206538,829857
강원,횡성군,강원 횡성군,1183203,59283,10642,532905,1786033
경기,가평군,경기 가평군,1523161,81988,11551,416402,2033102
경기,고양시 덕양구,경기 고양시 덕양구,10335132,282468,40934,1314670,11973204
경기,고양시 일산동구,경기 고양시 일산동구,7046161,197221,30874,913904,8188160
경기,고양시 일산서구,경기 고양시 일산서구,6437035,164336,20811,651092,7273274
경기,과천시,경기 과천시,1758185,40182,5732,147232,1951331
경기,광명시,경기 광명시,5521818,175118,23998,766401,6487335
경기,광주시,경기 광주시,10216652,448570,60899,2140916,12867037
경기,구리시,경기 구리시,3738157,117532,20134,593837,4469660
경기,군포시,경기 군포시,5294131,144510,26414,781944,6246999
경기,김포시,경기 김포시,12174883,411218,81986,2104511,14772598
경기,남양주시,경기 남양주시,16138416,519712,92452,2953545,19704125
경기,동두천시,경기 동두천시,1965016,82224,9639,368257,2425136
경기,부천시,경기 부천시,7236531,279942,31052,1154523,8702048
경기,부천시 소사구,경기 부천시 소사구,2393097,68639,11120,302170,2775026
경기,부천시 오정구,경기 부천시 오정구,1694616,72686,11679,364968,2143949
경기,부천시 원미구,경기 부천시 원미구,4204186,129878,18416,607206,4959686
경기,성남시 분당구,경기 성남시 분당구,10985925,234160,32029,590088,11842202
경기,성남시 수정구,경기 성남시 수정구,4300148,143545,19832,543989,5007514
경기,성남시 중원구,경기 성남시 중원구,3868190,152000,20071,634571,4674832
경기,수원시 권선구,경기 수원시 권선구,11114052,387640,66590,1409978,12978260
경기,수원시 영통구,경기 수원시 영통구,8643274,142516,22579,497080,9305449
경기,수원시 장안구,경기 수원시 장안구,5817869,204513,20870,627766,6671018
경기,수원시 팔달구,경기 수원시 팔달구,4394833,155702,16857,505622,5073014
경기,시흥시,경기 시흥시,13446379,421898,68515,2605419,16542211
경기,안산시 단원구,경기 안산시 단원구,8396079,380893,43410,1616654,10437036
경기,안산시 상록구,경기 안산시 상록구,7454538,282573,47072,1264533,9048716
경기,안성시,경기 안성시,5580554,222679,72615,1354889,7230737
경기,안양시 동안구,경기 안양시 동안구,6989109,174153,29490,814402,8007154
경기,안양시 만안구,경기 안양시 만안구,4554741,191777,18524,648995,5414037
경기,양주시,경기 양주시,6554813,257664,42503,1331455,8186435
경기,양평군,경기 양평군,3164155,143996,21722,790238,4120111
경기,여주시,경기 여주시,3158006,168009,40008,1230857,4596880
경기,연천군,경기 연천군,1081653,60732,38397,645931,1826713
경기,오산시,경기 오산시,6314421,205920,28593,778731,7327665
경기,용인시 기흥구,경기 용인시 기흥구,11120022,255505,44005,917711,12337243
경기,용인시 수지구,경기 용인시 수지구,8634865,122762,15386,377996,9151009
경기,용인시 처인구,경기 용인시 처인구,7303971,330204,66645,1581868,9282688
경기,의왕시,경기 의왕시,3607936,95012,27424,480147,4210519
경기,의정부시,경기 의정부시,9149160,315840,47166,1266926,10779092
경기,이천시,경기 이천시,6119459,252562,59737,1388324,7820082
경기,파주시,경기 파주시,12661397,496554,56902,2215765,15430618
경기,평택시,경기 평택시,17209386,605483,114735,2591169,20520773
경기,포천시,경기 포천시,4279466,220156,43552,1408687,5951861
경기,하남시,경기 하남시,7304459,180319,28730,1074828,8588336
경기,화성시,경기 화성시,23225549,712269,119205,3758945,27815968
경기,화성시 동탄구,경기 화성시 동탄구,1328705,17007,4251,70244,1420207
경기,화성시 만세구,경기 화성시 만세구,949947,31995,7471,269936,1259349
경기,화성시 병점구,경기 화성시 병점구,528507,18350,2335,57884,607076
경기,화성시 효행구,경기 화성시 효행구,546907,16122,3569,109182,675780
경남,거제시,경남 거제시,5751010,206713,28285,753091,6739099
경남,거창군,경남 거창군,1467778,66216,15713,577399,2127106
경남,고성군,경남 고성군,1185959,52414,11486,456972,1706831
경남,김해시,경남 김해시,14663903,419140,81688,2729274,17894005
경남,남해군,경남 남해군,866627,42512,5992,388217,1303348
경남,밀양시,경남 밀양시,2621958,101118,48982,982033,3754091
경남,사천시,경남 사천시,2890421,106003,18043,669643,3684110
경남,산청군,경남 산청군,820651,37306,17685,463880,1339522
경남,양산시,경남 양산시,9135906,304574,131318,1770570,11342368
경남,의령군,경남 의령군,625950,29329,10553,313007,978839
경남,진주시,경남 진주시,8711312,272808,55769,1756392,10796281
경남,진해시,경남 진해시,1,0,0,0,1
경남,창녕군,경남 창녕군,1514358,72751,12892,645142,2245143
경남,창원시 마산합포구,경남 창원시 마산합포구,5320880,148477,18502,694807,6182666
경남,창원시 마산회원구,경남 창원시 마산회원구,5813998,140944,25867,755530,6736339
경남,창원시 성산구,경남 창원시 성산구,11377557,204880,24125,693110,12299672
경남,창원시 의창구,경남 창원시 의창구,7688189,165374,38514,1101158,8993235
경남,창원시 진해구,경남 창원시 진해구,5236938,129442,32403,530118,5928901
경남,통영시,경남 통영시,2615475,120904,14269,553779,3304427
경남,하동군,경남 하동군,977473,38995,9951,482454,1508873
경남,함안군,경남 함안군,3699199,86067,27136,648990,4461392
경남,함양군,경남 함양군,1243312,39681,7536,407745,1698274
경남,합천군,경남 합천군,947131,43896,9502,519078,1519607
경북,경산시,경북 경산시,7156143,211856,47413,1493490,8908902
경북,경주시,경북 경주시,7191080,267512,54813,1674760,9188165
경북,고령군,경북 고령군,854392,44739,8631,430711,1338473
경북,구미시,경북 구미시,11578450,357137,65561,1771186,13772334
경북,군위군,경북 군위군,215726,10554,2754,122799,351833
경북,김천시,경북 김천시,3533617,142960,24360,1141265,4842202
경북,문경시,경북 문경시,1649845,82728,14220,638682,2385475
경북,봉화군,경북 봉화군,674186,30949,4812,430727,1140674
경북,상주시,경북 상주시,2225817,118191,22574,1103773,3470355
경북,성주군,경북 성주군,1212225,53255,17444,737914,2020838
경북,안동시,경북 안동시,3915372,160786,35648,1245806,5357612
경북,영덕군,경북 영덕군,781582,42813,6716,375352,1206463
경북,영양군,경북 영양군,371389,20555,2785,239655,634384
경북,영주시,경북 영주시,2492400,108797,23890,930297,3555384
경북,영천시,경북 영천시,2700389,123646,35814,1067026,3926875
경북,예천군,경북 예천군,1381880,51743,10216,529694,1973533
경북,울릉군,경북 울릉군,274853,28436,2012,89618,394919
경북,울진군,경북 울진군,1232065,46606,10106,409955,1698732
경북,의성군,경북 의성군,1174607,61025,13164,787998,2036794
경북,청도군,경북 청도군,1072594,43758,15825,511621,1643798
경북,청송군,경북 청송군,602342,33991,5354,372077,1013764
경북,칠곡군,경북 칠곡군,3364741,135862,32183,868838,4401624
경북,포항시 남구,경북 포항시 남구,6295918,227888,130099,1332937,7986842
경북,포항시 북구,경북 포항시 북구,7721743,202655,43458,1149085,9116941
광주,광산구,광주 광산구,10223173,283437,93360,2009752,12609722
광주,남구,광주 남구,4864287,140882,23192,572888,5601249
광주,동구,광주 동구,2414619,67167,10667,266887,2759340
광주,북구,광주 북구,10139500,298023,62882,1532976,12033381
광주,서구,광주 서구,7547003,206659,36108,1001492,8791262
대구,군위군,대구 군위군,386818,16290,3306,207740,614154
대구,남구,대구 남구,2936968,97239,11254,415046,3460507
대구,달서구,대구 달서구,15149545,337541,68956,2092735,17648777
대구,달성군,대구 달성군,7116971,211629,43853,1355805,8728258
대구,동구,대구 동구,8646387,246052,55635,1394002,10342076
대구,북구,대구 북구,10376817,270837,59156,1968430,12675240
대구,서구,대구 서구,3647229,116095,17087,746458,4526869
대구,수성구,대구 수성구,11820910,231123,36488,1046628,13135149
대구,중구,대구 중구,3267236,84338,7405,299151,3658130
대전,대덕구,대전 대덕구,4438105,164442,46378,1063537,5712462
대전,동구,대전 동구,4805871,174292,32248,889122,5901533
대전,서구,대전 서구,12148266,293002,59591,1267590,13768449
대전,유성구,대전 유성구,10511754,216114,53418,1087394,11868680
대전,중구,대전 중구,5114289,181630,31877,855262,6183058
부산,강서구,부산 강서구,4210952,121945,58906,1122139,5513942
부산,금정구,부산 금정구,4105761,179577,50570,768290,5104198
부산,기장군,부산 기장군,4431523,159551,27668,724726,5343468
부산,남구,부산 남구,5115888,157899,108113,805402,6187302
부산,동구,부산 동구,2760208,65336,69290,364364,3259198
부산,동래구,부산 동래구,5245991,139950,27608,694008,6107557
부산,부산진구,부산 부산진구,8286342,201456,44259,931532,9463589
부산,북구,부산 북구,5331458,153155,26364,819160,6330137
부산,사상구,부산 사상구,4128613,146454,33005,1005057,5313129
부산,사하구,부산 사하구,5739234,185024,29586,897262,6851106
부산,서구,부산 서구,1572544,56790,8805,273507,1911646
부산,수영구,부산 수영구,6850932,138382,30377,411446,7431137
부산,연제구,부산 연제구,7212450,168792,55310,658689,8095241
부산,영도구,부산 영도구,1663662,79620,6632,271524,2021438
부산,중구,부산 중구,1938563,33734,108379,431743,2512419
부산,해운대구,부산 해운대구,9314427,202533,48130,910552,10475642
서울,강남구,서울 강남구,13768273,276373,30892,955778,15031316
서울,강동구,서울 강동구,8364166,245852,26528,887486,9524032
서울,강북구,서울 강북구,3752710,178646,15474,499555,4446385
서울,강서구,서울 강서구,10633086,343104,41000,1244868,12262058
서울,관악구,서울 관악구,6135773,207731,21725,684545,7049774
서울,광진구,서울 광진구,5011409,153096,17278,651343,5833126
서울,구로구,서울 구로구,7428994,282697,28614,995501,8735806
서울,금천구,서울 금천구,4470226,190948,17483,780920,5459577
서울,노원구,서울 노원구,8075491,253219,30652,730181,9089543
서울,도봉구,서울 도봉구,4866401,179484,20856,612835,5679576
서울,동대문구,서울 동대문구,5215941,169848,17270,724649,6127708
서울,동작구,서울 동작구,5725275,147137,20786,469614,6362812
서울,마포구,서울 마포구,6346048,195096,40891,708262,7290297
서울,서대문구,서울 서대문구,4820530,153862,17079,466207,5457678
서울,서초구,서울 서초구,9438526,228531,27826,923952,10618835
서울,성동구,서울 성동구,5476979,170201,19118,628233,6294531
서울,성북구,서울 성북구,6449852,241505,17796,622435,7331588
서울,송파구,서울 송파구,12820545,349804,45802,1482260,14698411
서울,양천구,서울 양천구,7908342,236287,42028,846843,9033500
서울,영등포구,서울 영등포구,7263541,238588,67822,1080148,8650099
서울,용산구,서울 용산구,3971655,119625,10317,367639,4469236
서울,은평구,서울 은평구,7048120,232452,22800,724364,8027736
서울,종로구,서울 종로구,2479385,196680,16695,325510,3018270
서울,중구,서울 중구,2692094,170386,21075,390163,3273718
서울,중랑구,서울 중랑구,5819318,221805,32964,868928,6943015
세종,세종특별자치시,세종 세종특별자치시,10559098,245107,51343,1026336,11881884
울산,남구,울산 남구,8471453,207499,57382,1174310,9910644
울산,동구,울산 동구,3503139,84058,12156,301647,3901000
울산,북구,울산 북구,6606813,145940,35626,764415,7552794
울산,울주군,울산 울주군,6534068,202051,84911,1484562,8305592
울산,중구,울산 중구,5462750,136818,29377,659297,6288242
인천,강화군,인천 강화군,2102012,101999,16292,670737,2891040
인천,검단구,인천 검단구,212613,4610,929,26491,244643
인천,계양구,인천 계양구,14120163,321068,49489,1560719,16051439
인천,남동구,인천 남동구,14823276,394555,63030,1963245,17244106
인천,동구,인천 동구,1200420,55963,25095,293356,1574834
인천,미추홀구,인천 미추홀구,8976880,262080,77114,1317503,10633577
인천,부평구,인천 부평구,13913750,346363,43566,1459854,15763533
인천,서구,인천 서구,15167166,450498,86209,2310227,18014100
인천,서해구,인천 서해구,354257,8384,2262,47506,412409
인천,연수구,인천 연수구,12412603,238389,52655,941268,13644915
인천,영종구,인천 영종구,123586,2896,439,9964,136885
인천,옹진군,인천 옹진군,1245692,48823,4445,338411,1637371
인천,제물포구,인천 제물포구,72333,3626,4034,27397,107390
인천,중구,인천 중구,3986560,158577,125434,1005287,5275858
전남,강진군,전남 강진군,723310,38229,7559,426530,1195628
전남,고흥군,전남 고흥군,1205605,70354,9257,748962,2034178
전남,곡성군,전남 곡성군,619197,30473,7034,317182,973886
전남,광양시,전남 광양시,4409641,146643,126337,1036569,5719190
전남,구례군,전남 구례군,555629,29115,4901,244210,833855
전남,나주시,전남 나주시,3064839,138072,36713,1003087,4242711
전남,담양군,전남 담양군,1179823,63424,16525,518791,1778563
전남,목포시,전남 목포시,4854556,187739,38872,893236,5974403
전남,무안군,전남 무안군,2329410,102046,18035,735541,3185032
전남,보성군,전남 보성군,901835,51845,8346,482001,1444027
전남,순천시,전남 순천시,7187513,219016,80027,1440794,8927350
전남,신안군,전남 신안군,6607693,167060,10775,574328,7359856
전남,여수시,전남 여수시,6629278,239181,72716,1458246,8399421
전남,영광군,전남 영광군,1235440,54172,9279,506017,1804908
전남,영암군,전남 영암군,1403674,79477,19334,691770,2194255
전남,완도군,전남 완도군,947124,50574,7424,573736,1578858
전남,장성군,전남 장성군,1127745,50450,12501,527932,1718628
전남,장흥군,전남 장흥군,774998,39707,5692,430171,1250568
전남,진도군,전남 진도군,647893,36976,5056,375510,1065435
전남,함평군,전남 함평군,1529970,49771,6734,392036,1978511
전남,해남군,전남 해남군,5827041,154175,9809,912220,6903245
전남,화순군,전남 화순군,1504925,111204,16927,501875,2134931
전남광주,강진군,전남광주 강진군,26093,1171,283,14953,42500
전남광주,고흥군,전남광주 고흥군,44368,2250,387,26540,73545
전남광주,곡성군,전남광주 곡성군,24055,971,282,11464,36772
전남광주,광산구,전남광주 광산구,359014,8735,3551,68514,439814
전남광주,광양시,전남광주 광양시,163778,4665,4591,36748,209782
전남광주,구례군,전남광주 구례군,20434,914,193,8438,29979
전남광주,나주시,전남광주 나주시,111483,4421,1347,34890,152141
전남광주,남구,전남광주 남구,169885,4381,868,18894,194028
전남광주,담양군,전남광주 담양군,42095,1993,635,18017,62740
전남광주,동구,전남광주 동구,86136,2009,454,9103,97702
전남광주,목포시,전남광주 목포시,166197,5709,1422,29653,202981
전남광주,무안군,전남광주 무안군,89090,3326,768,26443,119627
전남광주,보성군,전남광주 보성군,31176,1656,341,17286,50459
전남광주,북구,전남광주 북구,359114,9114,2325,52093,422646
전남광주,서구,전남광주 서구,263961,6375,1334,33069,304739
전남광주,순천시,전남광주 순천시,258136,6880,2951,49914,317881
전남광주,신안군,전남광주 신안군,272930,5892,373,20924,300119
전남광주,여수시,전남광주 여수시,232511,7446,2599,50116,292672
전남광주,영광군,전남광주 영광군,47570,1714,396,18175,67855
전남광주,영암군,전남광주 영암군,50796,2519,737,24751,78803
전남광주,완도군,전남광주 완도군,33818,1648,285,20062,55813
전남광주,장성군,전남광주 장성군,41820,1606,480,18679,62585
전남광주,장흥군,전남광주 장흥군,28302,1270,241,15027,44840
전남광주,진도군,전남광주 진도군,23787,1191,217,13386,38581
전남광주,함평군,전남광주 함평군,37461,1288,266,13967,52982
전남광주,해남군,전남광주 해남군,279155,4835,384,32474,316848
전남광주,화순군,전남광주 화순군,54145,3374,616,17333,75468
전북,고창군,전북 고창군,1210490,86838,9960,659583,1966871
전북,군산시,전북 군산시,7020902,226148,69500,1352012,8668562
전북,김제시,전북 김제시,2060072,103045,24180,883828,3071125
전북,남원시,전북 남원시,1815519,87773,15222,784532,2703046
전북,무주군,전북 무주군,536497,33415,5291,283852,859055
전북,부안군,전북 부안군,1144271,60924,9939,540266,1755400
전북,순창군,전북 순창군,620795,28923,4257,320195,974170
전북,완주군,전북 완주군,2687402,129095,27735,883906,3728138
전북,익산시,전북 익산시,6905110,275367,50053,1652519,8883049
전북,임실군,전북 임실군,584865,32570,5521,316427,939383
전북,장수군,전북 장수군,479421,25033,4413,277906,786773
전북,전주시 덕진구,전북 전주시 덕진구,9283684,270374,54984,1311341,10920383
전북,전주시 완산구,전북 전주시 완산구,8281504,238219,35319,1055877,9610919
전북,정읍시,전북 정읍시,2552575,114356,22122,955132,3644185
전북,진안군,전북 진안군,579219,34137,4940,311756,930052
제주,서귀포시,제주 서귀포시,4688078,192728,25257,1686601,6592664
제주,제주시,제주 제주시,30868304,837559,101394,3669704,35476961
충남,계룡시,충남 계룡시,1354892,43315,7465,157806,1563478
충남,공주시,충남 공주시,2606736,124348,20804,816481,3568369
충남,금산군,충남 금산군,1333403,77684,11365,553136,1975588
충남,논산시,충남 논산시,2779650,150931,18644,985467,3934692
충남,당진시,충남 당진시,5065754,171735,75040,1280850,6593379
충남,보령시,충남 보령시,2430701,99452,21376,805641,3357170
충남,부여군,충남 부여군,1393724,90908,9675,703161,2197468
충남,서산시,충남 서산시,4876905,184410,49339,1246790,6357444
충남,서천군,충남 서천군,1178576,52464,10771,491977,1733788
충남,아산시,충남 아산시,10129779,324108,63333,1657535,12174755
충남,예산군,충남 예산군,2053773,109106,19143,741952,2923974
충남,천안시 동남구,충남 천안시 동남구,7117413,271635,54447,1336354,8779849
충남,천안시 서북구,충남 천안시 서북구,10966684,331260,53144,1407578,12758666
충남,청양군,충남 청양군,690274,35434,9290,396348,1131346
충남,태안군,충남 태안군,1474637,68560,11804,662997,2217998
충남,홍성군,충남 홍성군,2570554,102383,21906,786853,3481696
충북,괴산군,충북 괴산군,935468,52676,7593,495462,1491199
충북,단양군,충북 단양군,665083,35615,18490,320681,1039869
충북,보은군,충북 보은군,737636,45421,8790,420841,1212688
충북,영동군,충북 영동군,1047069,50697,7987,506225,1611978
충북,옥천군,충북 옥천군,1228104,58132,13423,521458,1821117
충북,음성군,충북 음성군,2861615,144229,22622,912731,3941197
충북,제천시,충북 제천시,3304551,119408,71821,927294,4423074
충북,증평군,충북 증평군,1027349,37208,7343,227997,1299897
충북,진천군,충북 진천군,2661031,98637,17341,616904,3393913
충북,청원군,충북 청원군,540,166,0,480,1186
충북,청주시 상당구,충북 청주시 상당구,5216099,158901,35634,794407,6205041
충북,청주시 서원구,충북 청주시 서원구,5218701,182546,31661,766677,6199585
충북,청주시 청원구,충북 청주시 청원구,5585835,185164,35373,994386,6800758
충북,청주시 흥덕구,충북 청주시 흥덕구,7805093,228959,51052,1084225,9169329
충북,충주시,충북 충주시,5873310,207369,44034,1312822,7437535
